User,City
User1,Berlin
User2,Berlin
User3,Berlin
User4,Berlin
User5,Berlin
User6,Berlin
User7,Berlin
User8,Berlin
User9,Berlin
User10,Berlin
User11,Berlin
User12,Berlin
User13,Berlin
User14,Berlin
User15,Berlin
User16,Berlin
User17,Berlin
User18,Berlin
User19,Berlin
User20,Berlin
User21,Berlin
User22,Berlin
User23,Berlin
User24,Berlin
User25,Berlin
User26,Berlin
User27,Berlin
User28,Berlin
User29,Berlin
User30,Berlin
User31,Munich
User32,Munich
User33,Munich
User34,Munich
User35,Munich
User36,Munich
User37,Munich
User38,Munich
User39,Munich
User40,Munich
User41,Munich
User42,Munich
User43,Munich
User44,Munich
User45,Munich
User46,Munich
User47,Munich
User48,Munich
User49,Munich
User50,Munich
User51,Munich
User52,Munich
User53,Munich
User54,Munich
User55,Munich
User56,Munich
User57,Munich
User58,Munich
User59,Munich
User60,Munich
User61,Hamburg
User62,Hamburg
User63,Hamburg
User64,Hamburg
User65,Hamburg
User66,Hamburg
User67,Hamburg
User68,Hamburg
User69,Hamburg
User70,Hamburg
User71,Hamburg
User72,Hamburg
User73,Hamburg
User74,Hamburg
User75,Hamburg
User76,Hamburg
User77,Hamburg
User78,Hamburg
User79,Hamburg
User80,Hamburg
User81,Hamburg
User82,Hamburg
User83,Hamburg
User84,Hamburg
User85,Hamburg
User86,Hamburg
User87,Hamburg
User88,Hamburg
User89,Hamburg
User90,Hamburg
